"id","Plate","Plate Rep","Genotype","Salt","Microbes","Row","Column","lon","lat","conc_corrected","BZT_percent_d","X10.FN","od600","od750","BZTalanine","glycosylatedBZT","BZTacetylalanine","aniline","amino_3_phenol","phenazine","methylBZT","methoxyBZT","km","density"
"1.1.C5",1,1,"Okb","0.8","No","C",5,79.439167,43.824444,0.195217022798538,80.4782977201462,6,0.0565,0.049,0,9.87541441662943e-12,0,4.06128894531012e-12,0,3.7307895973591e-12,1.1363259803203e-11,0,19.5870370721657,9343.00200719548
"1.1.C6",1,1,"Nnq","0.8","No","C",6,78.9723,44.17564,0.0250552761218855,97.4944723878114,2,0.0715,0.0615,0,0,0,7.92084678253111e-12,0,0,9.0107164770397e-12,0,66.8435025836837,1100.91342111077
"1.2.B5",1,2,"Okb","0","No","B",5,79.439167,43.824444,0.0355298390392423,96.4470160960758,11,0.0475,0.042,0,0,1.15571187366105e-12,1.61436378847548e-11,0,0,0,3.0755782810379e-12,19.5870370721657,9343.00200719548
"1.2.B6",1,2,"Nnq","0","No","B",6,78.9723,44.17564,0.0917634793770161,90.8236520622984,2,0.0645,0.0705,0,0,0,1.34949349194283e-11,0,0,0,6.98827250785452e-13,66.8435025836837,1100.91342111077
"1.2.C5",1,2,"Okb","0.8","Yes","C",5,79.439167,43.824444,0.138811288046004,86.1188711953996,10,0.0605,0.0485,7.69172181690855e-12,1.42892798099846e-11,0,1.11304764553359e-11,0,2.14733284598487e-12,0,0,19.5870370721657,9343.00200719548
"1.2.C6",1,2,"Nnq","0.8","Yes","C",6,78.9723,44.17564,0.0421886784018043,95.7811321598196,2,0.097,0.094,0,0,0,1.2171673519274e-11,0,0,4.29886526612618e-12,0,66.8435025836837,1100.91342111077
"1.2.D5",1,2,"Okb","0","Yes","D",5,79.439167,43.824444,0.22600860012124,77.399139987876,6,0.051,0.0455,3.28386597776697e-11,1.37437769373223e-11,0,9.16663062931928e-12,1.20807618477719e-11,3.27487782426212e-12,0,6.42365003456741e-13,19.5870370721657,9343.00200719548
"1.2.D6",1,2,"Nnq","0","Yes","D",6,78.9723,44.17564,0.0854578306513074,91.4542169348693,2,0.1205,0.111,0,0,6.58871184590601e-13,6.78086922169666e-12,9.74353748295653e-12,0,7.43992757408967e-12,8.32643362204577e-13,66.8435025836837,1100.91342111077
"10.1.A2",10,1,"Cnp","0","Yes","A",2,78.934218,43.938637,0.120765553169027,87.9234446830973,7,0.0905,0.091,0,8.66587007917334e-12,0,2.97882725914362e-12,0,0,7.90032130463593e-12,6.30321063909501e-13,48.0741339060017,6404.05077211101
"10.1.B2",10,1,"Cnp","0","No","B",2,78.934218,43.938637,0.0440391120134755,95.5960887986524,5,0.163,0.135,5.7498743847279e-12,0,2.1440327628104e-12,5.02204669926637e-12,0,0,0,8.90309744756765e-13,48.0741339060017,6404.05077211101
"10.2.A2",10,2,"Cnp","0.8","No","A",2,78.934218,43.938637,0.0608823684583584,93.9117631541642,8,0.055,0.048,0,1.03221830457799e-11,0,3.86741521047433e-12,0,0,1.01512313287045e-11,0,48.0741339060017,6404.05077211101
"10.2.D2",10,2,"Cnp","0.8","Yes","D",2,78.934218,43.938637,0.0770225836044584,92.2977416395541,10,0.0515,0.044,9.16889782008424e-12,0,1.34894241254007e-12,1.36741949642514e-11,0,0,0,1.10003470625188e-12,48.0741339060017,6404.05077211101
"11.1.B2",11,1,"Stn","0","No","B",2,78.702247,44.281094,0.0683731175961005,93.16268824039,6,0.13,0.1095,0,7.11852507089617e-12,0,5.40224894459101e-12,0,0,5.39834823942122e-12,1.15872950670116e-11,88.6683329528279,868.814031163823
"11.1.B5",11,1,"Brk","0","No","B",5,78.978165,44.120014,0.123904493579876,87.6095506420124,3,0.0425,0.0395,0,6.39211274305716e-12,0,9.08975176780106e-12,0,5.96318656911038e-12,4.28129282466507e-12,1.0469972973761e-12,61.2891573433552,1777.91505391307
"11.1.C2",11,1,"Stn","0.8","No","C",2,78.702247,44.281094,0.0445497988335663,95.5450201166434,3,0.042,0.043,0,6.16494801310002e-12,0,2.36752752189472e-12,0,1.12583059505589e-12,5.95640472130354e-12,1.72495475538054e-12,88.6683329528279,868.814031163823
"11.1.C5",11,1,"Brk","0.8","No","C",5,78.978165,44.120014,0.109701156830467,89.0298843169532,5,0.045,0.0435,0,3.73749059898815e-12,0,1.15850603709276e-11,1.2847280546113e-11,7.5290202658484e-12,5.9913111413691e-12,5.04855503486878e-13,61.2891573433552,1777.91505391307
"11.1.D2",11,1,"Stn","0.8","Yes","D",2,78.702247,44.281094,0.0591917621158512,94.0808237884149,1,0.1645,0.14,0,0,0,1.06663817527523e-11,0,1.16105702440725e-12,7.03138937614034e-12,3.25535816665956e-12,88.6683329528279,868.814031163823
"11.1.D5",11,1,"Brk","0.8","Yes","D",5,78.978165,44.120014,0.125034942721092,87.4965057278908,0,0.0475,0.0465,0,7.52404237286989e-12,0,2.93950027686511e-11,0,7.24920577241626e-12,1.14549233571805e-11,2.84552595682107e-12,61.2891573433552,1777.91505391307
"11.2.A2",11,2,"Stn","0","Yes","A",2,78.702247,44.281094,0.0770225836044584,92.2977416395541,5,0.1265,0.102,8.13273860990266e-12,7.59798408754543e-12,1.14200778029748e-12,9.42512894243367e-12,0,0,0,0,88.6683329528279,868.814031163823
"11.2.A5",11,2,"Brk","0","Yes","A",5,78.978165,44.120014,0.151799083217857,84.8200916782143,3,0.046,0.044,0,4.59424027455704e-12,0,8.36055241313869e-12,0,3.43383835518206e-12,8.31258807572858e-12,6.86959869441155e-13,61.2891573433552,1777.91505391307
"12.1.A1",12,1,"Arb","0","No","A",1,79.7485,43.4353,0.155193006966384,84.4806993033616,3,0.0635,0.054,0,4.68541299251912e-12,0,3.40210739481662e-11,0,0,6.48036265941012e-12,1.45659822088463e-11,38.1731833599356,7263.83274172874
"12.1.A4",12,1,"LnH","0","No","A",4,81.305495,44.900322,0.0944696165935485,90.5530383406451,3,0.0535,0.0495,1.50701769935824e-10,1.35258410206636e-11,0,9.48975352071226e-12,9.5222206536231e-12,0,4.54127096102587e-12,4.73749849795373e-13,206.742414009813,980.562926514353
"12.1.A6",12,1,"Mnt","0","No","A",6,76.7704,42.98299,0.1117767083395,88.82232916605,4,0.042,0.039,0,1.08448486306789e-11,1.12164432692608e-12,1.20645796190813e-12,8.65957012466635e-12,0,1.74061760280841e-11,4.75644849194555e-13,224.368275312104,1575.11063515688
"12.1.B1",12,1,"Arb","0","Yes","B",1,79.7485,43.4353,0.131139699402819,86.8860300597181,2,0.059,0.05,0,0,0,5.16432563400252e-12,0,2.00716094091694e-11,0,7.02372011171358e-13,38.1731833599356,7263.83274172874
"12.1.B4",12,1,"LnH","0","Yes","B",4,81.305495,44.900322,0.0877006173264355,91.2299382673565,2,0.058,0.0515,0,4.85199153764512e-12,1.52276750362385e-12,5.82230870340189e-12,1.27453180020963e-11,0,4.11706099495141e-12,1.16475147647478e-11,206.742414009813,980.562926514353
"12.1.B6",12,1,"Mnt","0","Yes","B",6,76.7704,42.98299,0.0555840422844929,94.4415957715507,2,0.0425,0.041,0,1.27375149138529e-12,1.32377047678956e-12,5.5917940520138e-12,9.18683122669382e-12,0,0,9.33258950644719e-13,224.368275312104,1575.11063515688
"12.1.C1",12,1,"Arb","0.8","No","C",1,79.7485,43.4353,0.0575423761097847,94.2457623890215,3,0.056,0.047,1.03108962488258e-11,0,0,2.67217278315986e-11,0,0,0,3.70141143154683e-13,38.1731833599356,7263.83274172874
"12.1.C4",12,1,"LnH","0.8","No","C",4,81.305495,44.900322,0.0316191078081461,96.8380892191854,2,0.055,0.05,0,0,0,1.04429660503216e-11,0,4.14617587951413e-12,0,2.63563699852505e-12,206.742414009813,980.562926514353
"12.1.C6",12,1,"Mnt","0.8","No","C",6,76.7704,42.98299,0.0438643536324697,95.613564636753,2,0.063,0.0545,0,9.98503916036286e-13,0,8.89510253802593e-12,0,0,0,2.29853123148805e-12,224.368275312104,1575.11063515688
"12.2.C1",12,2,"Arb","0.8","Yes","C",1,79.7485,43.4353,0.103527214767874,89.6472785232126,2,0.0505,0.0445,0,4.44472456616118e-12,0,5.53740332440487e-12,0,0,6.38475092746468e-12,1.30093171879012e-12,38.1731833599356,7263.83274172874
"12.2.C4",12,2,"LnH","0.8","Yes","C",4,81.305495,44.900322,0.104730772080485,89.5269227919515,1,0.0475,0.044,0,8.44793416251458e-12,0,8.14879352143138e-12,0,0,9.71836401638364e-12,1.05486993294973e-12,206.742414009813,980.562926514353
"12.2.C6",12,2,"Mnt","0.8","Yes","C",6,76.7704,42.98299,0.108867762733417,89.1132237266583,5,0.0415,0.04,1.27183041130016e-11,4.39652881096422e-12,0,3.11665563330021e-12,0,0,1.05815053799897e-11,0,224.368275312104,1575.11063515688
"15.1.A1",15,1,"Cmb","0","Yes","A",1,79.975472,43.493389,0.0677308654032157,93.2269134596784,5,0.3295,0.3225,0,5.12441143346856e-12,8.35744524578443e-13,1.96681245995913e-11,0,0,1.49993452266984e-11,9.34430537477325e-13,50.9720032175339,1443.29131846514
"15.1.C1",15,1,"Cmb","0","No","C",1,79.975472,43.493389,0.173498689109285,82.6501310890715,2,0.045,0.0435,0,9.06471614579476e-12,0,6.3737343785415e-12,8.04652688727383e-12,2.80066808470497e-12,5.39790200025465e-12,6.99100160504774e-13,50.9720032175339,1443.29131846514
"15.2.A1",15,2,"Cmb","0.8","No","A",1,79.975472,43.493389,0.0670918989874674,93.2908101012533,7,0.053,0.0495,0,9.8100336416318e-12,0,5.44038354243372e-11,0,1.14728954980953e-12,9.89151094131199e-12,7.05595686079754e-13,50.9720032175339,1443.29131846514
"15.2.B1",15,2,"Cmb","0.8","Yes","B",1,79.975472,43.493389,0.140889194267684,85.9110805732316,3,0.085,0.0775,0,7.10762827506323e-12,0,6.17774388393417e-12,1.70649330052046e-11,0,7.81374784217175e-12,8.71199854854312e-13,50.9720032175339,1443.29131846514
"16.1.A1",16,1,"Kls","0","Yes","A",1,79.945209,43.505815,0.149608027492213,85.0391972507787,9,0.068,0.057,0,1.16733857290642e-11,0,1.47630581416624e-12,0,3.33566606067505e-12,0,4.81257907168879e-12,48.1996629382861,2000.12417974685
"16.1.C1",16,1,"Kls","0","No","C",1,79.945209,43.505815,0.091725172371038,90.8274827628962,10,0.065,0.0545,6.26419753039164e-12,8.70581069976164e-12,8.86231147052003e-13,8.39416572916522e-12,1.53726898330762e-11,2.11062935811377e-12,1.32683187018228e-11,6.24500257680413e-13,48.1996629382861,2000.12417974685
"16.1.D1",16,1,"Kls","0.8","Yes","D",1,79.945209,43.505815,0.142016307821826,85.7983692178174,8,0.0545,0.046,6.14973122109172e-11,3.47387531419771e-12,0,1.17967704893682e-11,0,0,0,3.76471925489113e-13,48.1996629382861,2000.12417974685
"16.2.B1",16,2,"Kls","0.8","No","B",1,79.945209,43.505815,0.182922885828446,81.7077114171554,4,0.061,0.048,0,7.1839058458938e-12,0,2.43534065247896e-11,0,7.18558770016069e-12,4.36812403609752e-12,6.0623318481502e-13,48.1996629382861,2000.12417974685
"17.1.B4",17,1,"Cnp","0","Yes","B",4,78.934218,43.938637,0.0920848789293558,90.7915121070644,9,0.0455,0.0445,0,1.34041284478424e-11,0,5.01904226604224e-12,0,0,1.58912368655191e-11,2.42448316784533e-12,48.0741339060017,6404.05077211101
"17.1.C4",17,1,"Cnp","0","No","C",4,78.934218,43.938637,0.118151310877057,88.1848689122943,4,0.1985,0.174,0,9.66837529580361e-12,0,2.21948846437011e-12,0,0,5.67538331930659e-12,2.52121957282627e-12,48.0741339060017,6404.05077211101
"17.1.D4",17,1,"Cnp","0.8","Yes","D",4,78.934218,43.938637,0.0855048205584343,91.4495179441566,8,0.1095,0.1045,0,1.42886167289692e-11,0,4.12591352358872e-12,0,0,6.30736959529508e-12,9.70562356119046e-13,48.0741339060017,6404.05077211101
"17.2.C4",17,2,"Cnp","0.8","No","C",4,78.934218,43.938637,0.0880514197957412,91.1948580204259,4,0.055,0.0505,0,7.35486644848888e-12,0,7.74342792852305e-12,0,0,8.01884234616851e-12,6.29819319338781e-13,48.0741339060017,6404.05077211101
"18.1.C1",18,1,"Okb","0","No","C",1,79.439167,43.824444,0.265361896727619,73.4638103272381,4,0.056,0.052,1.07762827133187e-11,1.16569331129007e-11,0,6.73846574369248e-13,0,0,1.08433035304814e-11,6.01977831995826e-13,19.5870370721657,9343.00200719548
"18.1.C2",18,1,"Nnq","0","No","C",2,78.9723,44.17564,0.116425706955913,88.3574293044087,2,0.0425,0.0435,0,4.01293825850891e-12,0,6.30699304049136e-12,1.98339169815562e-11,0,1.18827005779881e-11,2.74403245445022e-12,66.8435025836837,1100.91342111077
"18.1.C5",18,1,"RdM","0","No","C",5,76.743675,44.769978,0.225888059873825,77.4111940126175,5,0.0565,0.0505,0,4.09928755977758e-12,0,7.83597885993966e-12,1.70003774068911e-11,0,6.79530551541966e-12,2.20363729052659e-12,244.544724180078,1120.51781113556
"18.2.B1",18,2,"Okb","0.8","No","B",1,79.439167,43.824444,0.161293619944611,83.8706380055389,5,0.0605,0.054,5.93836914181015e-12,1.28141175736074e-11,0,5.68339024673622e-12,0,0,6.64551019640678e-12,0,19.5870370721657,9343.00200719548
"18.2.B2",18,2,"Nnq","0.8","No","B",2,78.9723,44.17564,0.0787165687400445,92.1283431259955,1,0.0725,0.0745,0,0,0,3.7531187181328e-12,0,0,0,1.0258360955916e-12,66.8435025836837,1100.91342111077
"18.2.B5",18,2,"RdM","0.8","No","B",5,76.743675,44.769978,0.124690895647676,87.5309104352324,5,0.0565,0.0485,0,3.07436377025836e-12,1.78049325756279e-12,7.47253754769083e-12,1.1458793927968e-11,5.41112877605349e-12,7.26512983911715e-12,1.59945664656704e-12,244.544724180078,1120.51781113556
"18.2.C1",18,2,"Okb","0.8","Yes","C",1,79.439167,43.824444,0.137653554976733,86.2346445023267,0,0.07,0.056,0,5.09468795209039e-13,1.11333383209522e-12,1.48805663536113e-11,0,3.94915072027715e-12,4.6289718499212e-12,4.87736964499985e-13,19.5870370721657,9343.00200719548
"18.2.C2",18,2,"Nnq","0.8","Yes","C",2,78.9723,44.17564,0.0425261878290188,95.7473812170981,3,0.0645,0.0705,0,5.99370312962061e-13,0,2.92123090858574e-12,0,0,0,4.04698102212026e-13,66.8435025836837,1100.91342111077
"18.2.C5",18,2,"RdM","0.8","Yes","C",5,76.743675,44.769978,0.0940788344831371,90.5921165516863,3,0.0635,0.054,0,0,0,5.73847965138946e-13,0,4.32551095465508e-12,8.01884234616851e-12,9.80490663196237e-13,244.544724180078,1120.51781113556
"18.2.D1",18,2,"Okb","0","Yes","D",1,79.439167,43.824444,0.234068800368458,76.5931199631542,3,0.0535,0.0485,0,7.86746339403822e-12,0,7.98598835743594e-12,1.44103166210839e-11,0,5.26700292500881e-12,1.31218485921751e-12,19.5870370721657,9343.00200719548
"18.2.D2",18,2,"Nnq","0","Yes","D",2,78.9723,44.17564,0.0812036437857369,91.8796356214263,2,0.054,0.0545,0,0,0,7.42176701579716e-12,0,0,0,9.13353643269654e-13,66.8435025836837,1100.91342111077
"18.2.D5",18,2,"RdM","0","Yes","D",5,76.743675,44.769978,0.256317690994564,74.3682309005436,5,0.0555,0.0495,8.13276006912283e-12,4.6197706944215e-12,0,5.69961101588414e-12,1.64659783582838e-11,0,9.23571893456498e-12,2.36806089449427e-12,244.544724180078,1120.51781113556
"19.1.B1",19,1,"Mdv","0","Yes","B",1,79.7357,43.6211,0.118151310877057,88.1848689122943,4,0.0455,0.0415,0,3.60975681269021e-12,0,1.88603173711088e-11,0,0,2.0193752974549e-11,0,28.622945500481,8397.53878752376
"19.1.B5",19,1,"HBE","0","Yes","B",5,79.477222,43.620278,0.113863094642263,88.6136905357737,1,0.0415,0.041,5.59091054742598e-12,8.20177079458142e-13,0,5.74152798055364e-12,0,0,0,4.42115103640347e-12,8.41488677396755,6771.21563203706
"19.1.C1",19,1,"Mdv","0.8","No","C",1,79.7357,43.6211,0.123015732980043,87.6984267019957,2,0.054,0.045,6.45852106532131e-12,0,0,3.4507697022604e-11,0,0,4.3595206053477e-12,0,28.622945500481,8397.53878752376
"19.1.C5",19,1,"HBE","0.8","No","C",5,79.477222,43.620278,0.101119125972679,89.8880874027321,4,0.0795,0.0755,2.76059477055716e-11,4.57600916235642e-12,0,5.76449409247586e-12,0,7.56017459065997e-12,0,2.75803161309438e-12,8.41488677396755,6771.21563203706
"19.2.C1",19,2,"Mdv","0","No","C",1,79.7357,43.6211,0.0780219525864759,92.1978047413524,4,0.048,0.0425,0,0,7.22740575044682e-13,1.97467970979897e-11,0,0,1.67977377338859e-11,4.09138215014693e-13,28.622945500481,8397.53878752376
"19.2.C5",19,2,"HBE","0","No","C",5,79.477222,43.620278,0.0689201025368693,93.1079897463131,6,0.0435,0.044,1.28325406659241e-11,3.92421809238137e-12,0,2.92123090858574e-12,0,0,7.17812942359801e-12,3.84950569151377e-12,8.41488677396755,6771.21563203706
"19.2.D1",19,2,"Mdv","0.8","Yes","D",1,79.7357,43.6211,0.101122644289245,89.8877355710755,2,0.0625,0.053,0,5.11322796044875e-13,1.29811601018511e-12,4.11591658906169e-11,0,0,3.93603443172129e-11,4.55057914349303e-13,28.622945500481,8397.53878752376
"19.2.D5",19,2,"HBE","0.8","Yes","D",5,79.477222,43.620278,0.075193297464482,92.4806702535518,4,0.0405,0.039,5.55969586892911e-12,5.11973902637258e-12,0,4.0446243394359e-12,0,0,5.07763410463379e-12,1.1132351227269e-12,8.41488677396755,6771.21563203706
"2.1.B2",2,1,"RdM","0.8","Yes","B",2,76.743675,44.769978,0.109752699998084,89.0247300001916,9,0.0465,0.042,0,6.80956195848177e-12,0,1.37045855866857e-11,1.39585463035175e-11,4.23530957494133e-12,9.77430230165022e-12,1.55500708405094e-12,244.544724180078,1120.51781113556
"2.1.B3",2,1,"Kls","0.8","Yes","B",3,79.945209,43.505815,0.0921829514792045,90.7817048520795,6,0.1325,0.1125,0,8.32806940835226e-12,8.5229929515785e-13,1.02167800263465e-11,1.49605051831775e-11,0,0,1.11810061557274e-12,48.1996629382861,2000.12417974685
"2.1.B5",2,1,"Arb","0.8","Yes","B",5,79.7485,43.4353,0.0666136986983332,93.3386301301667,2,0.0515,0.045,7.60772930780364e-12,0,2.11065725976358e-12,1.49991366034409e-11,0,0,0,7.01874367490904e-13,38.1731833599356,7263.83274172874
"2.1.C2",2,1,"RdM","0","Yes","C",2,76.743675,44.769978,0.13889120082508,86.110879917492,5,0.1015,0.0915,7.25502477512778e-12,5.73817732261937e-12,0,4.86760249250218e-12,3.17539990371718e-11,0,0,9.26994116317836e-12,244.544724180078,1120.51781113556
"2.1.C3",2,1,"Kls","0","Yes","C",3,79.945209,43.505815,0.0891038272036584,91.0896172796342,2,0.062,0.057,0,3.78929551192217e-12,0,9.42819921956774e-12,0,2.50379789350981e-12,5.387967309602e-12,1.37917378137832e-11,48.1996629382861,2000.12417974685
"2.1.C5",2,1,"Arb","0","Yes","C",5,79.7485,43.4353,0.10032325579684,89.967674420316,3,0.056,0.051,1.64877003405207e-11,0,1.25461224421988e-12,3.88288487131623e-12,1.25627742414751e-11,0,0,1.04095123972339e-12,38.1731833599356,7263.83274172874
"2.1.D2",2,1,"RdM","0.8","No","D",2,76.743675,44.769978,0.160267989842699,83.97320101573,5,0.0485,0.042,0,5.48406095270679e-12,0,9.88456945604953e-12,1.4130728031988e-11,2.11820903951966e-12,6.12399165852258e-12,4.43883564054908e-12,244.544724180078,1120.51781113556
"2.1.D3",2,1,"Kls","0.8","No","D",3,79.945209,43.505815,0.151584145255193,84.8415854744807,6,0.05,0.044,0,5.86539355010833e-12,0,6.11311930565557e-12,2.10522699311508e-11,4.59195627987563e-12,8.67948246681352e-12,7.98936217570869e-13,48.1996629382861,2000.12417974685
"2.1.D5",2,1,"Arb","0.8","No","D",5,79.7485,43.4353,0.0600284600318012,93.9971539968199,2,0.0575,0.0485,0,0,0,1.08562731503682e-11,0,2.18470017783286e-12,1.0489568305691e-11,7.5359514479702e-13,38.1731833599356,7263.83274172874
"2.2.A2",2,2,"RdM","0","No","A",2,76.743675,44.769978,0.0279290770067203,97.207092299328,5,0.0505,0.0455,0,5.11351463763562e-12,0,7.98723207573489e-12,0,2.86962291484258e-12,1.24021413527731e-11,4.31596061380032e-13,244.544724180078,1120.51781113556
"2.2.A3",2,2,"Kls","0","No","A",3,79.945209,43.505815,0.101512358245878,89.8487641754122,8,0.056,0.049,0,7.46722253755018e-12,0,1.0329873038334e-11,0,3.26474645152663e-12,5.86584493672778e-12,1.46737486244272e-12,48.1996629382861,2000.12417974685
"2.2.A5",2,2,"Arb","0","No","A",5,79.7485,43.4353,0.0725698427175288,92.7430157282471,3,0.1815,0.176,0,9.28054272069463e-12,0,7.89268753704497e-12,0,0,6.58068047295494e-12,4.23655780521876e-13,38.1731833599356,7263.83274172874
"20.1.A4",20,1,"Kls","0.8","Yes","A",4,79.945209,43.505815,0.083945980872485,91.6054019127515,4,0.0445,0.045,0,7.14385231550039e-12,0,8.65671100407784e-12,0,2.85377603328452e-12,0,4.09419856913604e-12,48.1996629382861,2000.12417974685
"20.1.B4",20,1,"Kls","0","No","B",4,79.945209,43.505815,0.138750396052244,86.1249603947756,4,0.057,0.05,0,5.9247507153267e-12,0,7.05302770746115e-12,0,5.89791955864849e-12,0,1.19246015706865e-12,48.1996629382861,2000.12417974685
"20.1.C4",20,1,"Kls","0.8","No","C",4,79.945209,43.505815,0.043358872149644,95.6641127850356,3,0.0625,0.0515,5.66203843244485e-12,6.14048393368296e-12,0,4.54793640638127e-12,0,7.34656472790493e-12,1.14956325987298e-11,2.01738955063682e-12,48.1996629382861,2000.12417974685
"20.2.B4",20,2,"Kls","0","Yes","B",4,79.945209,43.505815,0.0914007778775023,90.8599222122498,5,0.0415,0.0395,0,6.08806022170281e-12,0,5.25004221143326e-12,0,1.01434007374957e-11,0,2.84793167876524e-12,48.1996629382861,2000.12417974685
"21.1.A1",21,1,"LnH","0.8","Yes","A",1,81.305495,44.900322,0.0292480465156279,97.0751953484372,1,0.0445,0.0415,0,0,1.50392708914576e-12,1.82869278746761e-11,0,0,4.79411938691787e-12,2.26527791439812e-12,206.742414009813,980.562926514353
"21.1.A3",21,1,"Brk","0.8","Yes","A",3,78.978165,44.120014,0.0776387642732941,92.2361235726706,4,0.069,0.069,0,5.33016627793033e-12,0,1.78712223492432e-11,0,3.82191045644221e-12,4.12381766786185e-12,3.52191343361876e-13,61.2891573433552,1777.91505391307
"21.1.C1",21,1,"LnH","0","No","C",1,81.305495,44.900322,0.00985504988244278,99.0144950117557,2,0.0465,0.046,0,0,7.36415901101999e-13,5.85462099254119e-12,0,0,0,1.62093509167004e-12,206.742414009813,980.562926514353
"21.1.C3",21,1,"Brk","0","No","C",3,78.978165,44.120014,0.0503788720117266,94.9621127988273,7,0.0445,0.0405,0,6.07707625150321e-12,8.92492107007198e-13,4.87547815573051e-12,0,2.13686054307576e-12,0,3.63421112595723e-13,61.2891573433552,1777.91505391307
"21.2.B1",21,2,"LnH","0.8","No","B",1,81.305495,44.900322,0.019520134841586,98.0479865158414,2,0.044,0.0415,0,0,1.49915714410143e-12,2.77521508809392e-11,0,7.46662078752059e-12,0,2.43263665618756e-12,206.742414009813,980.562926514353
"21.2.B3",21,2,"Brk","0.8","No","B",3,78.978165,44.120014,0.0898542913868638,91.0145708613136,6,0.0475,0.0435,7.27592077996315e-12,7.50920008618713e-12,6.7251014443058e-13,3.24579431840851e-11,0,0,5.38796730960199e-12,3.80377546107129e-13,61.2891573433552,1777.91505391307
"21.2.D1",21,2,"LnH","0","Yes","D",1,81.305495,44.900322,0.0220648646822204,97.793513531778,1,0.0495,0.054,0,3.4710304777132e-12,0,9.93323176349331e-12,0,4.80359017129731e-12,0,2.73082435365716e-12,206.742414009813,980.562926514353
"21.2.D3",21,2,"Brk","0","Yes","D",3,78.978165,44.120014,0.085118712275707,91.4881287724293,2,0.1755,0.151,2.20793335182656e-11,1.54552306684976e-12,8.14156018184169e-13,1.78003048002383e-11,0,1.07050352219733e-12,0,0,61.2891573433552,1777.91505391307
"22.1.A3",22,1,"Mnt","0","No","A",3,76.7704,42.98299,0.0442716328559268,95.5728367144073,2,NA,NA,0,0,0,1.1547592747506e-11,1.03432677181326e-11,0,4.253485000442e-12,1.99168700744927e-12,224.368275312104,1575.11063515688
"22.1.B3",22,1,"Mnt","0","Yes","B",3,76.7704,42.98299,0.0836725412453654,91.6327458754635,6,NA,NA,0,6.19966663673361e-13,0,1.11497894495879e-11,2.0580467028424e-11,0,4.6115878986584e-12,2.6854789212618e-12,224.368275312104,1575.11063515688
"22.1.D3",22,1,"Mnt","0.8","Yes","D",3,76.7704,42.98299,0.0635802614785723,93.6419738521428,3,NA,NA,0,4.56506877934015e-12,6.97809090552094e-13,7.24058408493728e-12,1.29075016705949e-11,0,0,7.41671385914004e-13,224.368275312104,1575.11063515688
"22.2.D3",22,2,"Mnt","0.8","No","D",3,76.7704,42.98299,0.0689704721591165,93.1029527840884,2,NA,NA,0,1.11198778447321e-12,8.7616367542227e-13,2.10492579192598e-11,0,0,0,1.19893211222703e-12,224.368275312104,1575.11063515688
"23.1.A3",23,1,"Wlp","0.8","No","A",3,82.464411,42.545407,0.148236548042736,85.1763451957264,1,0.063,0.056,0,0,0,9.26818022842827e-12,9.7604738499201e-12,0,0,2.65524863299823e-12,279.136974791089,1313.03077520457
"23.1.A6",23,1,"Mnt","0.8","No","A",6,76.7704,42.98299,0.0563739197111698,94.362608028883,5,0.042,0.048,0,3.7226592870874e-12,0,1.26096586729014e-11,0,0,0,7.20510184129503e-13,224.368275312104,1575.11063515688
"23.1.D3",23,1,"Wlp","0.8","Yes","D",3,82.464411,42.545407,0.089926639579449,91.0073360420551,3,0.118,0.1045,0,0,0,2.00945858496467e-12,1.13719019498259e-11,0,0,8.36554123812475e-12,279.136974791089,1313.03077520457
"23.1.D6",23,1,"Mnt","0.8","Yes","D",6,76.7704,42.98299,0.0218035519902102,97.819644800979,6,0.0435,0.042,0,1.16724157228145e-12,0,2.79681664594912e-11,0,7.83539297736957e-12,0,3.59172010723456e-13,224.368275312104,1575.11063515688
"23.2.B3",23,2,"Wlp","0","Yes","B",3,82.464411,42.545407,0.0669878654408233,93.3012134559177,3,0.238,0.234,0,0,0,1.3278741318453e-11,1.24900151575483e-11,0,0,2.48068787409079e-12,279.136974791089,1313.03077520457
"23.2.B6",23,2,"Mnt","0","Yes","B",6,76.7704,42.98299,0.0324260804332182,96.7573919566782,4,0.1045,0.102,0,8.75949120861295e-13,0,9.63466865050953e-12,0,0,4.49872764631102e-12,9.40088640561745e-13,224.368275312104,1575.11063515688
"23.2.D3",23,2,"Wlp","0","No","D",3,82.464411,42.545407,0.0391072538412197,96.089274615878,2,0.287,0.2365,0,0,0,2.53625034632982e-11,0,0,0,4.24406515108137e-12,279.136974791089,1313.03077520457
"23.2.D6",23,2,"Mnt","0","No","D",6,76.7704,42.98299,0.0402316361348893,95.9768363865111,5,0.044,0.0415,0,3.22836895853739e-12,1.15856255087689e-12,8.39113568997612e-12,0,3.56868763359129e-12,0,7.05595686079754e-13,224.368275312104,1575.11063515688
"24.1.A1",24,1,"LnH","0","No","A",1,81.305495,44.900322,0.00968586036791169,99.0314139632088,2,0.1205,0.117,0,0,1.10108221630773e-12,6.50401752835115e-12,0,0,0,1.09062454730647e-12,206.742414009813,980.562926514353
"24.1.A4",24,1,"HBE","0","No","A",4,79.477222,43.620278,0.0509280956322677,94.9071904367732,6,0.042,0.042,1.43176158539168e-11,8.74618101000632e-12,0,4.25663319413466e-12,0,0,0,1.11794020219961e-12,8.41488677396755,6771.21563203706
"24.1.A5",24,1,"Brk","0","No","A",5,78.978165,44.120014,0.08473017775183,91.526982224817,5,0.0425,0.0415,8.58946870023052e-12,5.945268609108e-12,1.47654441304869e-12,1.13244940713083e-11,0,0,0,0,61.2891573433552,1777.91505391307
"24.1.C1",24,1,"LnH","0","Yes","C",1,81.305495,44.900322,0.0979311731084795,90.2068826891521,1,0.0435,0.0415,0,8.69924816296094e-13,1.55322285369633e-12,1.04375948943345e-11,0,6.33723543590486e-12,0,4.41743791959514e-12,206.742414009813,980.562926514353
"24.1.C4",24,1,"HBE","0","Yes","C",4,79.477222,43.620278,0.0910057592544024,90.8994240745598,3,0.075,0.0665,6.77213166474283e-12,7.64504966706425e-12,0,1.53261369695306e-11,8.43714065788559e-12,0,0,3.86478150774993e-12,8.41488677396755,6771.21563203706
"24.1.C5",24,1,"Brk","0","Yes","C",5,78.978165,44.120014,0.06079387551736,93.920612448264,3,0.0425,0.0425,0,3.17246066819324e-12,0,1.45386279552859e-11,0,0,0,0,61.2891573433552,1777.91505391307
"24.2.A1",24,2,"LnH","0.8","Yes","A",1,81.305495,44.900322,0.0233106545358177,97.6689345464182,2,0.0495,0.044,0,0,2.31169839367991e-12,1.95771417286967e-11,0,0,0,1.20769574059591e-12,206.742414009813,980.562926514353
"24.2.A4",24,2,"HBE","0.8","Yes","A",4,79.477222,43.620278,0.0624724415034617,93.7527558496538,5,0.042,0.041,0,6.4795836415245e-12,0,5.52151421346999e-12,0,0,0,2.90112591758639e-12,8.41488677396755,6771.21563203706
"24.2.A5",24,2,"Brk","0.8","Yes","A",5,78.978165,44.120014,0.0418614692923402,95.813853070766,6,0.051,0.0465,0,5.46218018667425e-12,0,1.16688540623216e-11,0,0,0,0,61.2891573433552,1777.91505391307
"24.2.B1",24,2,"LnH","0.8","No","B",1,81.305495,44.900322,0.0169237825770816,98.3076217422918,2,0.1395,0.108,8.32835657926476e-12,0,0,2.19425707807949e-11,0,0,0,8.72099308161337e-13,206.742414009813,980.562926514353
"24.2.B4",24,2,"HBE","0.8","No","B",4,79.477222,43.620278,0.109660712872299,89.0339287127701,0,0.199,0.1595,1.1459809745606e-10,0,1.33238764196066e-12,1.30279491814655e-11,0,0,0,2.78016427309194e-12,8.41488677396755,6771.21563203706
"24.2.B5",24,2,"Brk","0.8","No","B",5,78.978165,44.120014,0.0963814574924618,90.3618542507538,4,0.046,0.0425,1.11303468226678e-11,6.69667973213201e-12,0,8.81882968434553e-12,0,0,0,5.03811781636533e-13,61.2891573433552,1777.91505391307
"26.1.A4",26,1,"Mdv","0","No","A",4,79.7357,43.6211,0.0648271136331872,93.5172886366813,3,0.0545,0.0635,0,0,0,5.89426024565928e-12,0,0,7.84500283354044e-12,0,28.622945500481,8397.53878752376
"26.1.A5",26,1,"Okb","0","No","A",5,79.439167,43.824444,0.102730506544829,89.7269493455171,3,0.0535,0.0495,0,7.92073860163757e-12,0,4.24082455908972e-12,0,0,4.05256967967295e-12,4.73340614582014e-13,19.5870370721657,9343.00200719548
"26.2.B4",26,2,"Mdv","0","Yes","B",4,79.7357,43.6211,0.110936312843049,88.9063687156951,2,0.065,0.0545,0,0,0,6.20245485946991e-12,0,0,0,4.27276387972837e-13,28.622945500481,8397.53878752376
"26.2.B5",26,2,"Okb","0","Yes","B",5,79.439167,43.824444,0.141452751044755,85.8547248955245,4,0.044,0.041,9.62819684921739e-12,8.42702398408329e-12,0,4.27218333086649e-12,0,0,0,4.51460618583696e-13,19.5870370721657,9343.00200719548
"26.2.C4",26,2,"Mdv","0.8","Yes","C",4,79.7357,43.6211,0.103114755744894,89.6885244255106,2,0.087,0.068,0,0,0,2.04177087410396e-12,8.30386770402844e-12,0,0,7.32694550061045e-13,28.622945500481,8397.53878752376
"26.2.C5",26,2,"Okb","0.8","Yes","C",5,79.439167,43.824444,0.12659160792151,87.340839207849,7,0.0515,0.048,0,8.9959239009293e-12,0,3.42870333517425e-12,0,0,0,0,19.5870370721657,9343.00200719548
"26.2.D4",26,2,"Mdv","0.8","No","D",4,79.7357,43.6211,0.0695708074561211,93.0429192543879,1,0.056,0.0465,0,0,0,1.9825469596388e-11,0,0,0,0,28.622945500481,8397.53878752376
"26.2.D5",26,2,"Okb","0.8","No","D",5,79.439167,43.824444,0.147446314924692,85.2553685075308,3,0.045,0.0425,1.40139779046032e-11,5.32926261664831e-12,0,6.02297655427859e-12,0,0,0,3.97162696945718e-13,19.5870370721657,9343.00200719548
"27.1.B4",27,1,"Stn","0","Yes","B",4,78.702247,44.281094,0.0736297361377932,92.6370263862207,7,0.0525,0.0445,0,1.20002896040523e-11,0,6.48471063075751e-12,0,0,0,3.33719647715182e-12,88.6683329528279,868.814031163823
"27.1.C4",27,1,"Stn","0.8","Yes","C",4,78.702247,44.281094,0.0734662607945142,92.6533739205486,5,0.0655,0.08,1.39356057487584e-11,9.65465877503518e-12,0,8.53902842770085e-12,1.07093659087189e-11,0,4.60224661642588e-12,4.07133156517671e-12,88.6683329528279,868.814031163823
"27.2.A4",27,2,"Stn","0.8","No","A",4,78.702247,44.281094,0.0906753748784745,90.9324625121526,2,0.143,0.1285,6.28708001676672e-12,2.93415547104807e-12,0,5.30531207717311e-12,0,0,0,2.06053888514432e-12,88.6683329528279,868.814031163823
"27.2.D4",27,2,"Stn","0","No","D",4,78.702247,44.281094,0.0680017888648286,93.1998211135171,2,0.095,0.0845,1.17738235337009e-11,3.95240733042906e-12,0,3.68823564154109e-12,0,8.78080237783162e-12,0,7.56786530045791e-13,88.6683329528279,868.814031163823
"29.1.B3",29,1,"Brd","0.8","Yes","B",3,79.9236,44.2233,0.0695708074561211,93.0429192543879,3,0.1885,0.143,0,5.1104868739383e-12,1.15114384253986e-12,2.86195822085395e-11,1.22220661161247e-11,0,0,9.05485108586288e-13,76.8374863669681,1157.05331460029
"29.1.B4",29,1,"Nnq","0.8","Yes","B",4,78.9723,44.17564,0.0387968788107338,96.1203121189266,3,0.0445,0.042,0,7.66782779876747e-13,0,1.09599626765503e-11,0,0,0,6.1827712436226e-13,66.8435025836837,1100.91342111077
"29.1.D3",29,1,"Brd","0.8","No","D",3,79.9236,44.2233,0.0880514197957412,91.1948580204259,9,0.05,0.0445,0,1.17200792719804e-11,1.18812828557298e-12,2.07200432468653e-11,0,0,0,8.625925389683e-13,76.8374863669681,1157.05331460029
"29.1.D4",29,1,"Nnq","0.8","No","D",4,78.9723,44.17564,0.0171599676704015,98.2840032329598,2,0.0435,0.048,0,0,0,1.73136817258005e-11,0,1.06033162397089e-12,0,5.02852108631771e-13,66.8435025836837,1100.91342111077
"29.2.B3",29,2,"Brd","0","No","B",3,79.9236,44.2233,0.0995307948715793,90.0469205128421,6,0.0445,0.043,0,7.47521066166784e-12,0,8.40847946358809e-12,0,0,0,1.1104809027296e-12,76.8374863669681,1157.05331460029
"29.2.B4",29,2,"Nnq","0","No","B",4,78.9723,44.17564,0.0227695360027605,97.7230463997239,2,0.075,0.0755,0,0,0,7.79209023596684e-12,0,0,6.20221943920521e-12,8.26316193052011e-13,66.8435025836837,1100.91342111077
"29.2.C3",29,2,"Brd","0","Yes","C",3,79.9236,44.2233,0.0627109134141283,93.7289086585872,4,0.041,0.041,0,5.26606977929675e-12,0,5.5961226794268e-12,9.5111447177177e-12,0,0,9.70562356119046e-13,76.8374863669681,1157.05331460029
"29.2.C4",29,2,"Nnq","0","Yes","C",4,78.9723,44.17564,0.0550810034268791,94.4918996573121,2,0.0425,0.0415,0,0,0,5.07467549261846e-12,0,0,4.44682522773481e-12,6.37884916676415e-13,66.8435025836837,1100.91342111077
"30.1.A4",30,1,"Brd","0","Yes","A",4,79.9236,44.2233,0.146670198054809,85.3329801945192,4,0.047,0.0465,8.68319819031163e-12,7.89219757503475e-12,1.30755548609155e-12,6.24236846221277e-12,0,0,0,5.67090381286488e-13,76.8374863669681,1157.05331460029
"30.1.A5",30,1,"Cmb","0","Yes","A",5,79.975472,43.493389,0.12341085017916,87.658914982084,6,0.0415,0.041,0,5.6256640417837e-12,0,1.33510720728584e-11,0,0,3.33529192691039e-11,4.45126088527157e-12,50.9720032175339,1443.29131846514
"30.2.A4",30,2,"Brd","0.8","Yes","A",4,79.9236,44.2233,0.0790981323735996,92.09018676264,2,0.09,0.0825,0,4.04562864600772e-12,0,1.36741949642514e-11,0,0,0,6.00211215041399e-13,76.8374863669681,1157.05331460029
"30.2.A5",30,2,"Cmb","0.8","Yes","A",5,79.975472,43.493389,0.075576745592361,92.4423254407639,4,0.049,0.051,0,2.78188519162283e-12,1.34304674309635e-12,7.57885351428078e-12,0,0,2.04425690485093e-11,5.10925649018687e-13,50.9720032175339,1443.29131846514
"30.2.C4",30,2,"Brd","0","No","C",4,79.9236,44.2233,0.088402222265047,91.1597777734953,4,0.156,0.1415,0,5.53886171172275e-12,0,6.06431189774358e-12,0,1.09519332390377e-12,0,9.20660472415811e-13,76.8374863669681,1157.05331460029
"30.2.C5",30,2,"Cmb","0","No","C",5,79.975472,43.493389,0.105543892918581,89.4456107081419,8,0.045,0.0455,0,8.61138610000865e-12,0,9.23125520759788e-12,1.20918377836773e-11,0,2.13192079865833e-11,5.91178260380969e-13,50.9720032175339,1443.29131846514
"30.2.D4",30,2,"Brd","0.8","No","D",4,79.9236,44.2233,0.104336744676914,89.5663255323086,3,0.094,0.096,0,5.05738601507228e-12,0,1.12957763719193e-11,0,0,0,1.38255349710177e-12,76.8374863669681,1157.05331460029
"30.2.D5",30,2,"Cmb","0.8","No","D",5,79.975472,43.493389,0.113015760200852,88.6984239799148,3,0.0425,0.0405,0,5.83270316260952e-12,0,1.33349159282888e-11,0,0,2.850480537111e-11,1.65405592542495e-12,50.9720032175339,1443.29131846514
"31.1.C6",31,1,"Wlp","0","Yes","C",6,82.464411,42.545407,0.0749769301511517,92.5023069848848,3,0.0485,0.091,0,4.31804854183117e-12,1.12545300971807e-12,8.06801279858313e-12,0,0,5.13862785202869e-12,8.92276749061983e-13,279.136974791089,1313.03077520457
"31.1.D6",31,1,"Wlp","0.8","Yes","D",6,82.464411,42.545407,0.0719202917805098,92.807970821949,3,0.198,0.17,0,0,0,9.64125791883061e-12,0,1.19256630091449e-12,0,5.07367169408413e-12,279.136974791089,1313.03077520457
"31.2.A6",31,2,"Wlp","0","No","A",6,82.464411,42.545407,0.0664562157151025,93.3543784284898,2,0.0715,0.068,0,0,0,2.59690209817545e-11,0,0,0,2.39174722269343e-12,279.136974791089,1313.03077520457
"31.2.C6",31,2,"Wlp","0.8","No","C",6,82.464411,42.545407,0.0722957784034687,92.7704221596531,3,0.1315,0.126,6.36802995506216e-12,1.48488162526735e-12,9.18518377475479e-13,1.4336596891607e-11,0,0,0,1.47038584732953e-12,279.136974791089,1313.03077520457
"32.1.B2",32,1,"Mdv","0","No","B",2,79.7357,43.6211,0.130741931807947,86.9258068192053,4,0.0645,0.052,0,4.93474335074468e-12,1.26795430374816e-12,1.99883235336501e-11,0,0,2.56785320583427e-11,0,28.622945500481,8397.53878752376
"32.1.C2",32,1,"Mdv","0.8","Yes","C",2,79.7357,43.6211,0.0462544869752304,95.374551302477,2,0.0945,0.0815,0,0,8.02634983419628e-13,1.38519125545176e-11,0,0,6.13422267036672e-12,7.20650610513805e-13,28.622945500481,8397.53878752376
"32.1.D2",32,1,"Mdv","0.8","No","D",2,79.7357,43.6211,0.0523864530097247,94.7613546990275,3,0.051,0.043,0,0,0,2.52618586082851e-11,0,1.21291009736735e-12,8.27960161511061e-12,3.78303320985847e-13,28.622945500481,8397.53878752376
"32.2.D2",32,2,"Mdv","0","Yes","D",2,79.7357,43.6211,0.0292480465156279,97.0751953484372,0,0.115,0.106,0,0,0,7.48389562215621e-12,0,0,0,1.11652696038232e-12,28.622945500481,8397.53878752376
"33.1.A1",33,1,"Cst","0.8","Yes","A",1,79.8464,43.5259,0.0357009007240867,96.4299099275913,14,0.0465,0.045,0,7.3111049164238e-12,0,2.0557835555386e-11,0,0,5.55901324248136e-12,3.52305273079174e-13,39.9451645318632,5452.29768564278
"33.1.A4",33,1,"Wlp","0.8","Yes","A",4,82.464411,42.545407,0.0397502438367815,96.0249756163219,0,0.0495,0.051,0,0,1.56415443007237e-12,2.93618113413808e-11,0,0,0,8.86254779288363e-13,279.136974791089,1313.03077520457
"33.1.A6",33,1,"Brd","0.8","Yes","A",6,79.9236,44.2233,0.0822397994328991,91.7760200567101,3,0.048,0.0435,0,3.06623630611123e-12,0,3.1587958575977e-11,0,0,0,1.01979003793888e-12,76.8374863669681,1157.05331460029
"33.1.B1",33,1,"Cst","0","Yes","B",1,79.8464,43.5259,0.126087258885966,87.3912741114034,15,0.1175,0.1085,0,9.92989839579412e-12,0,1.82140715883229e-11,0,0,1.16229801905955e-11,9.37441522364135e-13,39.9451645318632,5452.29768564278
"33.1.B4",33,1,"Wlp","0","Yes","B",4,82.464411,42.545407,0.0614886235270293,93.8511376472971,5,0.0445,0.0425,1.06583766847203e-11,8.37165659168401e-12,1.05095654211074e-12,7.26020557010067e-12,1.30775960792585e-11,0,0,2.70488965092169e-12,279.136974791089,1313.03077520457
"33.1.B6",33,1,"Brd","0","Yes","B",6,79.9236,44.2233,0.109660712872299,89.0339287127701,5,0.1405,0.092,1.63896323160371e-11,9.07994832082497e-12,2.0939070886134e-12,9.7967202675356e-12,8.99057573016361e-12,0,0,8.47111975759831e-13,76.8374863669681,1157.05331460029
"33.2.B1",33,2,"Cst","0","No","B",1,79.8464,43.5259,0.0850664086159246,91.4933591384076,11,0.054,0.0485,0,7.71121501136184e-12,0,1.2677434004204e-11,0,3.86783561540224e-12,7.99512516029156e-12,1.107140889316e-12,39.9451645318632,5452.29768564278
"33.2.B4",33,2,"Wlp","0","No","B",4,82.464411,42.545407,0.0483636479764448,95.1636352023555,3,0.123,0.1175,0,2.24765733357299e-12,0,2.12837390565562e-11,0,0,0,1.06390288761016e-12,279.136974791089,1313.03077520457
"33.2.B6",33,2,"Brd","0","No","B",6,79.9236,44.2233,0.0676286341793672,93.2371365820633,4,0.2215,0.1895,0,6.56037094028567e-12,1.20120546877199e-12,9.06082434336557e-12,0,0,0,4.65399557530118e-13,76.8374863669681,1157.05331460029
"33.2.D1",33,2,"Cst","0.8","No","D",1,79.8464,43.5259,0.0660871081947891,93.3912891805211,7,0.1035,0.0945,0,6.29364929591073e-12,0,2.18554970872203e-11,0,0,4.95926692391453e-12,1.91460657054067e-12,39.9451645318632,5452.29768564278
"33.2.D4",33,2,"Wlp","0.8","No","D",4,82.464411,42.545407,0.0706008934965105,92.9399106503489,4,0.043,0.041,0,5.70286861303218e-12,1.22968075972729e-12,2.20177047786996e-11,0,0,5.6633169500582e-12,7.26556241782218e-13,279.136974791089,1313.03077520457
"33.2.D6",33,2,"Brd","0.8","No","D",6,79.9236,44.2233,0.0929417974823074,90.7058202517693,6,0.0525,0.0485,0,5.93077432510595e-12,9.76460074503405e-13,1.20424243627168e-11,0,0,4.57590034601154e-12,6.03222199928209e-13,76.8374863669681,1157.05331460029
"34.1.A1",34,1,"HBE","0.8","No","A",1,79.477222,43.620278,0.0804984733371528,91.9501526662847,10,0.0455,0.044,6.91848953547113e-12,1.27630653123579e-11,0,4.31978725842451e-12,0,0,6.41991509649851e-12,8.4109000598621e-13,8.41488677396755,6771.21563203706
"34.1.A2",34,1,"Arb","0.8","No","A",2,79.7485,43.4353,0.0236733777324385,97.6326622267562,1,0.052,0.0475,9.98344809689809e-12,0,2.68027380585983e-12,2.21931446574143e-11,0,0,0,0,38.1731833599356,7263.83274172874
"34.1.A4",34,1,"Cnp","0.8","No","A",4,78.934218,43.938637,0.0840058979833948,91.5994102016605,9,0.0435,0.0445,5.7498743847279e-12,1.16569331129007e-11,0,7.36714339584009e-12,0,0,5.16228366481214e-12,1.40323704219465e-12,48.0741339060017,6404.05077211101
"34.1.B1",34,1,"HBE","0","No","B",1,79.477222,43.620278,0.0715428367827732,92.8457163217227,7,0.101,0.1,1.04335730545512e-11,8.08714279803025e-12,0,4.41948713139673e-12,0,0,0,9.05485108586288e-13,8.41488677396755,6771.21563203706
"34.1.B2",34,1,"Arb","0","No","B",2,79.7485,43.4353,0.0917931879725293,90.8206812027471,1,0.1935,0.1735,1.45696401225733e-11,0,0,1.11497894495879e-11,0,0,0,0,38.1731833599356,7263.83274172874
"34.1.B4",34,1,"Cnp","0","No","B",4,78.934218,43.938637,0.0847795939001065,91.5220406099893,5,0.0455,0.0445,0,6.43202693342109e-12,0,6.09696316108592e-12,0,5.18970727126945e-12,7.55402745477922e-12,3.02104306403675e-12,48.0741339060017,6404.05077211101
"34.1.C1",34,1,"HBE","0.8","Yes","C",1,79.477222,43.620278,0.0573131236153234,94.2686876384677,3,0.0835,0.0795,0,3.52258244602671e-12,0,5.87077713711083e-12,0,0,0,1.05788091783654e-12,8.41488677396755,6771.21563203706
"34.1.C2",34,1,"Arb","0.8","Yes","C",2,79.7485,43.4353,0.0627109134141283,93.7289086585872,3,0.088,0.076,1.59201226739236e-11,0,0,2.66152667645405e-11,0,0,0,4.10519167172361e-13,38.1731833599356,7263.83274172874
"34.1.C4",34,1,"Cnp","0.8","Yes","C",4,78.934218,43.938637,0.0478315749912751,95.2168425008725,5,0.0515,0.05,0,6.33395577092465e-12,0,4.70753472809609e-12,0,0,1.10169659533463e-11,2.40981313201429e-12,48.0741339060017,6404.05077211101
"34.2.D1",34,2,"HBE","0","Yes","D",1,79.477222,43.620278,0.095132805926539,90.4867194073461,3,0.1595,0.1455,7.37379414230469e-12,6.22176854320567e-12,0,5.8919105935396e-12,8.71818622666427e-12,0,0,1.05133773396586e-12,8.41488677396755,6771.21563203706
"34.2.D2",34,2,"Arb","0","Yes","D",2,79.7485,43.4353,0.089537994880822,91.0462005119178,1,0.152,0.1085,6.55604955097964e-12,0,0,6.99727254771837e-12,0,0,0,9.26076144321805e-13,38.1731833599356,7263.83274172874
"34.2.D4",34,2,"Cnp","0","Yes","D",4,78.934218,43.938637,0.120986942338107,87.9013057661893,5,0.0545,0.0565,5.97377061100778e-12,8.21551014403073e-12,0,1.25796009280119e-11,1.29377880504752e-11,0,6.48534183325115e-12,8.48943172033505e-13,48.0741339060017,6404.05077211101
"4.1.A3",4,1,"Cst","0","Yes","A",3,79.8464,43.5259,0.0940788344831371,90.5921165516863,7,0.043,0.0465,0,6.53433772226866e-12,0,9.13841407524485e-12,0,0,6.07183980473416e-12,2.06575801185854e-12,39.9451645318632,5452.29768564278
"4.1.A4",4,1,"Cmb","0","Yes","A",4,79.975472,43.493389,0.039397996828672,96.0602003171328,5,0.044,0.0435,0,5.9064036022325e-12,0,5.47046933195156e-12,0,3.53321522209477e-12,2.07591780578364e-11,4.45208449151354e-12,50.9720032175339,1443.29131846514
"4.2.A3",4,2,"Cst","0","No","A",3,79.8464,43.5259,0.188087963314106,81.1912036685894,6,0.0505,0.052,0,1.49756858670536e-12,1.26119778623431e-12,5.94829492842184e-12,9.70833563672075e-12,0,4.99215343921578e-12,2.33824035890655e-12,39.9451645318632,5452.29768564278
"4.2.A4",4,2,"Cmb","0","No","A",4,79.975472,43.493389,0.197498967819335,80.2501032180665,4,0.0565,0.0505,0,0,0,1.33026036391495e-11,0,0,7.12116014245834e-12,0,50.9720032175339,1443.29131846514
"4.2.B3",4,2,"Cst","0.8","No","B",3,79.8464,43.5259,0.065601939692548,93.4398060307452,8,0.051,0.0435,0,3.93322039128361e-12,0,7.72107635976032e-12,0,3.51255841403693e-12,1.02256923921002e-11,4.95076354973579e-12,39.9451645318632,5452.29768564278
"4.2.B4",4,2,"Cmb","0.8","No","B",4,79.975472,43.493389,0.131885911870887,86.8114088129114,5,0.0445,0.042,0,6.34091256329878e-12,0,9.25427862810838e-12,0,2.44051663210407e-12,1.97032395647417e-11,2.29498672983339e-12,50.9720032175339,1443.29131846514
"4.2.D3",4,2,"Cst","0.8","Yes","D",3,79.8464,43.5259,0.0438643536324697,95.613564636753,2,0.053,0.0505,0,3.18658051929019e-12,0,9.75480330286611e-12,0,3.02350798167198e-12,7.58424356459834e-12,2.96662060211303e-12,39.9451645318632,5452.29768564278
"4.2.D4",4,2,"Cmb","0.8","Yes","D",4,79.975472,43.493389,0.105568618257129,89.4431381742871,8,0.066,0.0645,0,8.82306880140353e-12,0,3.33423463891394e-11,0,5.91545731850356e-12,9.8833769786786e-12,2.90256298855153e-12,50.9720032175339,1443.29131846514
"5.1.A5",5,1,"Mck","0.8","No","A",5,79.530278,43.858889,0.129310015154658,87.0689984845342,10,0.042,0.041,0,9.26943347633604e-12,0,7.17570100834558e-12,0,1.13153491155591e-12,1.85361328601665e-11,0,25.7707365343159,6430.87597536698
"5.1.B5",5,1,"Mck","0","Yes","B",5,79.530278,43.858889,0.109660712872299,89.0339287127701,2,0.2515,0.2025,1.62924923900826e-11,4.48150047932523e-12,0,9.21509906302823e-12,0,0,3.98720080125514e-12,4.58694925361323e-13,25.7707365343159,6430.87597536698
"5.1.C5",5,1,"Mck","0","No","C",5,79.530278,43.858889,0.0994967254499886,90.0503274550011,8,0.17,0.1525,0,0,0,5.20473306606997e-12,0,0,4.98881761782202e-12,1.16488389512698e-12,25.7707365343159,6430.87597536698
"5.1.D5",5,1,"Mck","0.8","Yes","D",5,79.530278,43.858889,0.0928903177092527,90.7109682290747,2,0.1525,0.134,1.28192430345333e-11,5.05140599247635e-12,1.19391919859959e-12,7.03166135868424e-12,0,2.68908043809642e-12,6.29394127959711e-12,3.48868191463638e-13,25.7707365343159,6430.87597536698
"7.1.B1",7,1,"Stn","0","Yes","B",1,78.702247,44.281094,0.0995285276905491,90.0471472309451,3,0.056,0.0535,6.52636765207789e-12,7.38038828987385e-12,0,7.72337845794503e-12,1.22929840727628e-11,0,7.55706344022283e-12,1.00049180462519e-12,88.6683329528279,868.814031163823
"7.1.B2",7,1,"Cst","0","Yes","B",2,79.8464,43.5259,0.0686466100664849,93.1353389933515,11,0.045,0.043,0,6.89537036180556e-12,0,6.08890947543441e-12,8.32596293519552e-12,0,4.57681999613278e-12,6.07127120678206e-12,39.9451645318632,5452.29768564278
"7.1.C1",7,1,"Stn","0","No","C",1,78.702247,44.281094,0.136315911513497,86.3684088486503,7,0.0875,0.083,0,1.15470934109046e-11,0,8.24655465705524e-12,0,5.55802248839552e-12,6.67198633264744e-12,5.59486813273161e-13,88.6683329528279,868.814031163823
"7.1.C2",7,1,"Cst","0","No","C",2,79.8464,43.5259,0.0535792126137879,94.6420787386212,6,0.059,0.0555,6.1409378851105e-12,0,9.50034318423765e-13,8.93575993308482e-12,1.15988649845427e-11,0,4.05099601407522e-12,6.06755433837063e-13,39.9451645318632,5452.29768564278
"7.1.D1",7,1,"Stn","0.8","Yes","D",1,78.702247,44.281094,0.0932891468969549,90.6710853103045,5,0.0445,0.0435,0,5.71522712505097e-12,0,7.18382785389703e-12,0,0,4.22779436770045e-12,8.11570568887171e-13,88.6683329528279,868.814031163823
"7.1.D2",7,1,"Cst","0.8","Yes","D",2,79.8464,43.5259,0.0758766533129655,92.4123346687034,5,0.041,0.04,0,4.5904162719918e-12,0,6.02297655427859e-12,0,4.69832450127571e-12,4.44682522773481e-12,1.12847070625416e-12,39.9451645318632,5452.29768564278
"7.2.B1",7,2,"Stn","0.8","No","B",1,78.702247,44.281094,0.0507260000146793,94.9273999985321,5,0.0585,0.055,0,1.11730601211669e-11,0,7.93807715829819e-12,0,3.74571275574854e-12,0,9.59329461411736e-13,88.6683329528279,868.814031163823
"7.2.B2",7,2,"Cst","0.8","No","B",2,79.8464,43.5259,0.0960005031150212,90.3999496884979,4,0.068,0.0605,0,5.75854111571478e-12,0,4.74519500592086e-12,0,0,4.50778828858297e-12,5.39739280212512e-12,39.9451645318632,5452.29768564278
"8.1.A3",8,1,"RdM","0","Yes","A",3,76.743675,44.769978,0.242324846480522,75.7675153519478,5,0.076,0.0655,6.27089002910764e-12,5.89808393760714e-12,8.93686221606369e-13,3.3342624396759e-12,8.28171583221762e-12,0,8.50633554188517e-12,1.56372637882064e-12,244.544724180078,1120.51781113556
"8.1.B3",8,1,"RdM","0.8","No","B",3,76.743675,44.769978,0.106360425180754,89.3639574819246,6,0.051,0.0425,0,5.06992745430387e-12,0,6.5170229198968e-12,1.76187298004749e-11,6.01034846284402e-12,7.72717437970757e-12,1.48242978687677e-12,244.544724180078,1120.51781113556
"8.2.B3",8,2,"RdM","0.8","Yes","B",3,76.743675,44.769978,0.126986318614164,87.3013681385836,3,0.0565,0.0485,0,5.74552879594601e-12,0,7.58332846149366e-12,1.69541736461506e-11,3.60921312453324e-12,0,9.58518416571806e-13,244.544724180078,1120.51781113556
"8.2.D3",8,2,"RdM","0","No","D",3,76.743675,44.769978,0.20912480207427,79.087519792573,9,0.0535,0.0525,0,4.68853960015105e-12,0,1.1573896170197e-11,2.61472004476376e-11,0,9.54521709145529e-12,1.48845175665039e-12,244.544724180078,1120.51781113556
"9.1.A3",9,1,"Mck","0.8","Yes","A",3,79.530278,43.858889,0.0999235615506373,90.0076438449363,2,0.0765,0.0725,6.61900343553893e-11,2.83608430855163e-12,6.61919433494665e-13,8.79503930421735e-12,0,0,0,4.28585076493221e-13,25.7707365343159,6430.87597536698
"9.1.B3",9,1,"Mck","0","No","B",3,79.530278,43.858889,0.179273871807882,82.0726128192118,4,0.068,0.0665,0,1.60962324784882e-11,0,8.1813886955171e-12,1.83564190986185e-11,5.44441975956243e-12,7.41040405197027e-12,1.70601758152201e-12,25.7707365343159,6430.87597536698
"9.2.B3",9,2,"Mck","0","Yes","B",3,79.530278,43.858889,0.18217999200814,81.782000799186,1,0.131,0.125,5.61931832424503e-12,1.09035378088424e-12,0,1.55912672275744e-11,8.76105766440339e-12,0,9.97064302884249e-12,0,25.7707365343159,6430.87597536698
"9.2.D3",9,2,"Mck","0.8","No","D",3,79.530278,43.858889,0.108435747801935,89.1564252198065,8,0.0465,0.0495,0,4.83857835474689e-12,0,6.09475507337264e-11,1.20290027383217e-11,2.5962882561619e-12,5.08964655838558e-12,0,25.7707365343159,6430.87597536698
